{"config": {"seed": 42, "discount": 0.99, "temp_dir": "temp/continuous", "norm_opts": [2], "dist_opts": [2], "n_canon_samples": 32, "n_norm_samples": 96, "n_episodes_dqn": 1000},
"results": {
    "potential_shaped-VAL-2-2": 0.6906680034885451,
    "potential_shaped-EPIC-2-2": 1.2695924723477952,
    "potential_shaped-DARD-2-2": 0.6819300857928479,
    "s_prime-VAL-2-2": 0.8689773810160016,
    "s_prime-EPIC-2-2": 1.3471464633606658,
    "s_prime-DARD-2-2": 1.5959949993307416,
    "second_peak-VAL-2-2": 0.7087594432284777,
    "second_peak-EPIC-2-2": 0.2369537172575211,
    "second_peak-DARD-2-2": 0.7198018828350671,
    "semantically_identical-VAL-2-2": 1.5234424798478603,
    "semantically_identical-EPIC-2-2": 0.8830671040616497,
    "semantically_identical-DARD-2-2": 0.985094883367584,
    "negative_ground-VAL-2-2": 1.5693147705690706,
    "negative_ground-EPIC-2-2": 1.7860644114044117,
    "negative_ground-DARD-2-2": 1.726951845921294,
    "random-VAL-2-2": 1.3584173374072113,
    "random-EPIC-2-2": 1.5353632901407144,
    "random-DARD-2-2": 1.5524251541185308}}