{"sparse-dense": {"None-1-1": 0.0, "None-1-2": 0.0, "None-1-inf": 0.0, "EPIC-1-1": 0.0, "EPIC-1-2": 0.0, "EPIC-1-inf": 0.0, "DARD-1-1": 0.0, "DARD-1-2": 0.0, "DARD-1-inf": 0.0, "None-2-1": 0.0, "None-2-2": 0.0, "None-2-inf": 0.0, "EPIC-2-1": 0.0, "EPIC-2-2": 0.0, "EPIC-2-inf": 0.0, "DARD-2-1": 0.0, "DARD-2-2": 0.0, "DARD-2-inf": 0.0, "None-inf-1": 0.0, "None-inf-2": 0.0, "None-inf-inf": 0.0, "EPIC-inf-1": 0.0, "EPIC-inf-2": 0.0, "EPIC-inf-inf": 0.0, "DARD-inf-1": 0.0, "DARD-inf-2": 0.0, "DARD-inf-inf": 0.0, "None-0-1": 0.0, "None-0-2": 0.0, "None-0-inf": 0.0, "EPIC-0-1": 0.0, "EPIC-0-2": 0.0, "EPIC-0-inf": 0.0, "DARD-0-1": 0.0, "DARD-0-2": 0.0, "DARD-0-inf": 0.0, "Minimal-2-1": 0.0, "Minimal-2-2": 0.0, "Minimal-2-inf": 0.0, "regret1": 0.002584147645105341, "regret2": -0.0025908427653362227}, "sparse-path": {"None-1-1": 0.9999999999999998, "None-1-2": 0.08333333333333334, "None-1-inf": 0.011111111111111112, "EPIC-1-1": 0.5000000000000002, "EPIC-1-2": 0.02635231383473652, "EPIC-1-inf": 0.0013888888888888894, "DARD-1-1": 0.5425959966054515, "DARD-1-2": 0.03002103862609352, "DARD-1-inf": 0.003639633373727122, "None-2-1": 6.708203932499369, "None-2-2": 0.4595058410947219, "None-2-inf": 0.03333333333333333, "EPIC-2-1": 6.3245553203367555, "EPIC-2-2": 0.32036448601393464, "EPIC-2-inf": 0.01756820922315765, "DARD-2-1": 6.264816721924924, "DARD-2-2": 0.33791245535769293, "DARD-2-inf": 0.031208243849690315, "None-inf-1": 45.0, "None-inf-2": 3.3541019662496847, "None-inf-inf": 0.25, "EPIC-inf-1": 45.0, "EPIC-inf-2": 2.3717082451262845, "EPIC-inf-inf": 0.12500000000000008, "DARD-inf-1": 41.96730033488838, "DARD-inf-2": 2.3203344209233148, "DARD-inf-inf": 0.21739292578829547, "None-0-1": 315.0, "None-0-2": 24.186773244895647, "None-0-inf": 3.0, "EPIC-0-1": 316.80000000000007, "EPIC-0-2": 23.842357266008765, "EPIC-0-inf": 3.0800000000000005, "DARD-0-1": 346.92442649451027, "DARD-0-2": 24.510307249698517, "DARD-0-inf": 3.3900696555009913, "Minimal-2-1": 4.967565472243646, "Minimal-2-2": 0.3203643152543354, "Minimal-2-inf": 0.024835784018956853, "regret1": -0.003893627817751534, "regret2": 0.04163849669520855}, "sparse-cliff": {"None-1-1": 1.4285714285714282, "None-1-2": 0.12325884862423601, "None-1-inf": 0.015873015873015872, "EPIC-1-1": 1.022727272727273, "EPIC-1-2": 0.05520435364314143, "EPIC-1-inf": 0.004040404040404044, "DARD-1-1": 1.0141466529125833, "DARD-1-2": 0.06217952073764957, "DARD-1-inf": 0.007142713344830254, "None-2-1": 12.400303720802448, "None-2-2": 0.9320027629259072, "None-2-inf": 0.08432740427115679, "EPIC-2-1": 13.44311582087985, "EPIC-2-2": 0.7351184269221362, "EPIC-2-inf": 0.05569628782081868, "DARD-2-1": 12.427736079240281, "DARD-2-2": 0.7668839425637641, "DARD-2-inf": 0.084923843372237, "None-inf-1": 112.5, "None-inf-2": 9.778803607803972, "None-inf-inf": 1.0, "EPIC-inf-1": 106.07142857142856, "EPIC-inf-2": 6.665284720712479, "EPIC-inf-inf": 0.5892857142857143, "DARD-inf-1": 96.75155828544735, "DARD-inf-2": 6.777367959837561, "DARD-inf-inf": 0.8121966526257656, "None-0-1": 585.0, "None-0-2": 43.98863489584554, "None-0-inf": 4.0, "EPIC-0-1": 613.8000000000002, "EPIC-0-2": 40.698513486367055, "EPIC-0-inf": 3.7400000000000015, "DARD-0-1": 601.4095707466989, "DARD-0-2": 41.87232473228818, "DARD-0-inf": 4.047999997890871, "Minimal-2-1": 12.679753837114957, "Minimal-2-2": 0.7351218141700938, "Minimal-2-inf": 0.07889066540321493, "regret1": 0.06038565123641672, "regret2": 0.10995377259305768}, "dense-path": {"None-1-1": 0.9999999999999998, "None-1-2": 0.08333333333333334, "None-1-inf": 0.011111111111111112, "EPIC-1-1": 0.5000000000000002, "EPIC-1-2": 0.02635231383473652, "EPIC-1-inf": 0.0013888888888888894, "DARD-1-1": 0.5425959966054515, "DARD-1-2": 0.03002103862609352, "DARD-1-inf": 0.003639633373727122, "None-2-1": 6.708203932499369, "None-2-2": 0.4595058410947219, "None-2-inf": 0.03333333333333333, "EPIC-2-1": 6.3245553203367555, "EPIC-2-2": 0.32036448601393464, "EPIC-2-inf": 0.01756820922315765, "DARD-2-1": 6.264816721924924, "DARD-2-2": 0.33791245535769293, "DARD-2-inf": 0.031208243849690315, "None-inf-1": 45.0, "None-inf-2": 3.3541019662496847, "None-inf-inf": 0.25, "EPIC-inf-1": 45.0, "EPIC-inf-2": 2.3717082451262845, "EPIC-inf-inf": 0.12500000000000008, "DARD-inf-1": 41.96730033488838, "DARD-inf-2": 2.3203344209233148, "DARD-inf-inf": 0.21739292578829547, "None-0-1": 315.0, "None-0-2": 24.186773244895647, "None-0-inf": 3.0, "EPIC-0-1": 316.80000000000007, "EPIC-0-2": 23.842357266008765, "EPIC-0-inf": 3.0800000000000005, "DARD-0-1": 346.92442649451027, "DARD-0-2": 24.510307249698517, "DARD-0-inf": 3.3900696555009913, "Minimal-2-1": 4.967565472243646, "Minimal-2-2": 0.3203643152543354, "Minimal-2-inf": 0.024835784018956853, "regret1": 0.018071364941080807, "regret2": 0.029211267397159672}, "dense-cliff": {"None-1-1": 1.4285714285714282, "None-1-2": 0.12325884862423601, "None-1-inf": 0.015873015873015872, "EPIC-1-1": 1.022727272727273, "EPIC-1-2": 0.05520435364314143, "EPIC-1-inf": 0.004040404040404044, "DARD-1-1": 1.0141466529125833, "DARD-1-2": 0.06217952073764957, "DARD-1-inf": 0.007142713344830254, "None-2-1": 12.400303720802448, "None-2-2": 0.9320027629259072, "None-2-inf": 0.08432740427115679, "EPIC-2-1": 13.44311582087985, "EPIC-2-2": 0.7351184269221362, "EPIC-2-inf": 0.05569628782081868, "DARD-2-1": 12.427736079240281, "DARD-2-2": 0.7668839425637641, "DARD-2-inf": 0.084923843372237, "None-inf-1": 112.5, "None-inf-2": 9.778803607803972, "None-inf-inf": 1.0, "EPIC-inf-1": 106.07142857142856, "EPIC-inf-2": 6.665284720712479, "EPIC-inf-inf": 0.5892857142857143, "DARD-inf-1": 96.75155828544735, "DARD-inf-2": 6.777367959837561, "DARD-inf-inf": 0.8121966526257656, "None-0-1": 585.0, "None-0-2": 43.98863489584554, "None-0-inf": 4.0, "EPIC-0-1": 613.8000000000002, "EPIC-0-2": 40.698513486367055, "EPIC-0-inf": 3.7400000000000015, "DARD-0-1": 601.4095707466989, "DARD-0-2": 41.87232473228818, "DARD-0-inf": 4.047999997890871, "Minimal-2-1": 12.679753837114957, "Minimal-2-2": 0.7351218141700938, "Minimal-2-inf": 0.07889066540321493, "regret1": 0.05459315553920301, "regret2": 0.11729806137354291}, "path-cliff": {"None-1-1": 0.6428571428571428, "None-1-2": 0.04791574237499551, "None-1-inf": 0.004761904761904762, "EPIC-1-1": 0.7727272727272727, "EPIC-1-2": 0.042988669573063916, "EPIC-1-inf": 0.00404040404040404, "DARD-1-1": 0.6535462037658235, "DARD-1-2": 0.04042227993040523, "DARD-1-inf": 0.00398571150651016, "None-2-1": 7.897366596101026, "None-2-2": 0.5963351546843796, "None-2-inf": 0.05099407093782345, "EPIC-2-1": 9.956282840374726, "EPIC-2-2": 0.5344256441928606, "EPIC-2-inf": 0.039931163710642974, "DARD-2-1": 8.974813453116862, "DARD-2-2": 0.5584128655104253, "DARD-2-inf": 0.05702034948533332, "None-inf-1": 67.5, "None-inf-2": 7.115124735378854, "None-inf-inf": 0.75, "EPIC-inf-1": 83.57142857142857, "EPIC-inf-2": 5.093513281716304, "EPIC-inf-inf": 0.46428571428571425, "DARD-inf-1": 70.7308248575927, "DARD-inf-2": 5.246258063571603, "DARD-inf-inf": 0.6011113786992924, "None-0-1": 270.0, "None-0-2": 28.460498941515414, "None-0-inf": 3.0, "EPIC-0-1": 415.80000000000007, "EPIC-0-2": 24.84880278806204, "EPIC-0-inf": 2.3100000000000005, "DARD-0-1": 344.67594363923723, "DARD-0-2": 26.173960461864407, "DARD-0-inf": 2.9699999978248073, "Minimal-2-1": 9.391972984818786, "Minimal-2-2": 0.5344300618533034, "Minimal-2-inf": 0.056586621000515286, "regret1": 0.05493834966449595, "regret2": 0.05880423092879376}}