{"sparse-dense": {"None-1-1": 1.9310344827586206, "None-1-2": 0.16640883743313903, "None-1-inf": 0.022222222222222223, "EPIC-1-1": 1.3007916875064773, "EPIC-1-2": 0.08318299031672693, "EPIC-1-inf": 0.010559588340520256, "DARD-1-1": 1.1473426697809799, "DARD-1-2": 0.07669967197994833, "DARD-1-inf": 0.009798446428281338, "None-2-1": 17.834409612343176, "None-2-2": 1.3700879448536172, "None-2-inf": 0.14907119849998599, "EPIC-2-1": 18.05332966653983, "EPIC-2-2": 1.1447164113932409, "EPIC-2-inf": 0.13204017982074423, "DARD-2-1": 14.36635102956238, "DARD-2-2": 0.9621620901894806, "DARD-2-inf": 0.105564339428012, "None-inf-1": 146.25, "None-inf-2": 10.968705484240152, "None-inf-inf": 1.0, "EPIC-inf-1": 154.12906137184115, "EPIC-inf-2": 9.796780292731613, "EPIC-inf-inf": 0.9181708784596871, "DARD-inf-1": 124.07067133939883, "DARD-inf-2": 8.194199014351154, "DARD-inf-inf": 0.9311922729188982, "None-0-1": 470.0, "None-0-2": 36.60601043544625, "None-0-inf": 4.0, "EPIC-0-1": 513.5222222222221, "EPIC-0-2": 33.88717882752841, "EPIC-0-inf": 3.5833333333333335, "DARD-0-1": 469.1188312499999, "DARD-0-2": 28.692442456322247, "DARD-0-inf": 3.1409228125, "Minimal-2-1": 21.187987843499982, "Minimal-2-2": 1.2219113444235816, "Minimal-2-inf": 0.10441541155390402, "regret1": -0.03228659327793298, "regret2": 0.01747419963088293}, "sparse-path": {"None-1-1": 0.9999999999999998, "None-1-2": 0.08333333333333338, "None-1-inf": 0.011111111111111112, "EPIC-1-1": 0.5000000000000002, "EPIC-1-2": 0.02635231383473648, "EPIC-1-inf": 0.0013888888888888894, "DARD-1-1": 0.5193381564844587, "DARD-1-2": 0.030152242150305635, "DARD-1-inf": 0.003388766077170419, "None-2-1": 6.708203932499369, "None-2-2": 0.4595058410947227, "None-2-inf": 0.03333333333333333, "EPIC-2-1": 6.324555320336765, "EPIC-2-2": 0.3203644860139345, "EPIC-2-inf": 0.017568209223157678, "DARD-2-1": 5.592423319421339, "DARD-2-2": 0.3073769860266673, "DARD-2-inf": 0.02265444021048661, "None-inf-1": 45.0, "None-inf-2": 3.3541019662496847, "None-inf-inf": 0.25, "EPIC-inf-1": 45.0, "EPIC-inf-2": 2.3717082451262845, "EPIC-inf-inf": 0.12500000000000008, "DARD-inf-1": 40.50632911392404, "DARD-inf-2": 2.227374731701995, "DARD-inf-inf": 0.16340132763578716, "None-0-1": 315.0, "None-0-2": 24.186773244895647, "None-0-inf": 3.0, "EPIC-0-1": 316.80000000000007, "EPIC-0-2": 23.842357266008758, "EPIC-0-inf": 3.0800000000000005, "DARD-0-1": 386.1, "DARD-0-2": 26.914649206449827, "DARD-0-inf": 3.6852750000000007, "Minimal-2-1": 4.967565472243646, "Minimal-2-2": 0.3203643152543358, "Minimal-2-inf": 0.024835784018956853, "regret1": -0.031466398600074795, "regret2": 0.03133309817276608}, "sparse-cliff": {"None-1-1": 1.4285714285714282, "None-1-2": 0.1232588486242361, "None-1-inf": 0.015873015873015872, "EPIC-1-1": 1.022727272727273, "EPIC-1-2": 0.055204353643141475, "EPIC-1-inf": 0.004040404040404044, "DARD-1-1": 1.0084214404716136, "DARD-1-2": 0.06293784680549591, "DARD-1-inf": 0.006893923010380622, "None-2-1": 12.400303720802448, "None-2-2": 0.9320027629259068, "None-2-inf": 0.08432740427115679, "EPIC-2-1": 13.443115820879868, "EPIC-2-2": 0.7351184269221368, "EPIC-2-inf": 0.05569628782081865, "DARD-2-1": 12.415666667981434, "DARD-2-2": 0.756714070615678, "DARD-2-inf": 0.07203391940330917, "None-inf-1": 112.5, "None-inf-2": 9.778803607803972, "None-inf-inf": 1.0, "EPIC-inf-1": 106.07142857142856, "EPIC-inf-2": 6.665284720712484, "EPIC-inf-inf": 0.5892857142857143, "DARD-inf-1": 90.6854297665138, "DARD-inf-2": 5.533557922502875, "DARD-inf-inf": 0.5292795884931858, "None-0-1": 585.0, "None-0-2": 43.98863489584554, "None-0-inf": 4.0, "EPIC-0-1": 613.8000000000002, "EPIC-0-2": 40.69851348636705, "EPIC-0-inf": 3.7400000000000015, "DARD-0-1": 707.8005, "DARD-0-2": 45.48533964202092, "DARD-0-inf": 5.868225000000001, "Minimal-2-1": 12.679753837114957, "Minimal-2-2": 0.735121814170093, "Minimal-2-inf": 0.07889066540321493, "regret1": -0.04708060782165253, "regret2": 0.03587919911698222}, "dense-path": {"None-1-1": 1.6724137931034482, "None-1-2": 0.11026647521543594, "None-1-inf": 0.011111111111111112, "EPIC-1-1": 1.4363574714663565, "EPIC-1-2": 0.08784219380992545, "EPIC-1-inf": 0.010559588340520253, "DARD-1-1": 0.9791994653968112, "DARD-1-2": 0.06363190677020869, "DARD-1-inf": 0.007951264246277874, "None-2-1": 20.027321168254293, "None-2-2": 1.3204520490962348, "None-2-inf": 0.13333333333333333, "EPIC-2-1": 19.204688619118393, "EPIC-2-2": 1.168210019357273, "EPIC-2-inf": 0.12482783936881614, "DARD-2-1": 14.456515166356223, "DARD-2-2": 0.9429970177015564, "DARD-2-inf": 0.12280016924754722, "None-inf-1": 166.25, "None-inf-2": 11.025538535599972, "None-inf-inf": 1.0, "EPIC-inf-1": 162.84897713598076, "EPIC-inf-2": 10.147375652054581, "EPIC-inf-inf": 0.9987966305655834, "DARD-inf-1": 123.40339379656503, "DARD-inf-2": 8.02320095911756, "DARD-inf-inf": 1.074244661051289, "None-0-1": 665.0, "None-0-2": 44.10215414239989, "None-0-inf": 4.0, "EPIC-0-1": 622.1222222222223, "EPIC-0-2": 38.39566237075341, "EPIC-0-inf": 3.688888888888888, "DARD-0-1": 474.2992875, "DARD-0-2": 30.914380911556883, "DARD-0-inf": 3.992799687500001, "Minimal-2-1": 21.91729756327151, "Minimal-2-2": 1.238148233885496, "Minimal-2-inf": 0.11418677481803627, "regret1": -0.0271852733889445, "regret2": 0.04677842107441321}, "dense-cliff": {"None-1-1": 1.573070607553366, "None-1-2": 0.10058281079513776, "None-1-inf": 0.010946907498631636, "EPIC-1-1": 1.3625639582491036, "EPIC-1-2": 0.08377063175196414, "EPIC-1-inf": 0.009272087434218906, "DARD-1-1": 0.955752033893051, "DARD-1-2": 0.061308029542208126, "DARD-1-inf": 0.00967921213940417, "None-2-1": 19.64195938319841, "None-2-2": 1.2627691423037182, "None-2-inf": 0.1392716298506324, "EPIC-2-1": 20.284171855897082, "EPIC-2-2": 1.2514699832508325, "EPIC-2-inf": 0.1383690501106118, "DARD-2-1": 15.1415843814198, "DARD-2-2": 0.9769595172263754, "DARD-2-inf": 0.15629746045863369, "None-inf-1": 203.75, "None-inf-2": 13.40475661845451, "None-inf-inf": 1.5, "EPIC-inf-1": 196.60048134777375, "EPIC-inf-2": 12.120995228832715, "EPIC-inf-inf": 1.3406395048994324, "DARD-inf-1": 126.61833557002046, "DARD-inf-2": 8.332112004226685, "DARD-inf-inf": 1.345048922073437, "None-0-1": 815.0, "None-0-2": 53.61902647381804, "None-0-inf": 6.0, "EPIC-0-1": 831.8444444444447, "EPIC-0-2": 50.96127832863781, "EPIC-0-inf": 5.613333333333333, "DARD-0-1": 678.4605375000001, "DARD-0-2": 43.23329932989286, "DARD-0-inf": 6.3497565625000005, "Minimal-2-1": 21.962659427339418, "Minimal-2-2": 1.296573353347991, "Minimal-2-inf": 0.16456530658768764, "regret1": -0.0012683149996277222, "regret2": 0.006370823740573333}, "path-cliff": {"None-1-1": 0.6428571428571428, "None-1-2": 0.0479157423749955, "None-1-inf": 0.004761904761904762, "EPIC-1-1": 0.7727272727272727, "EPIC-1-2": 0.042988669573063965, "EPIC-1-inf": 0.00404040404040404, "DARD-1-1": 0.6539638270876935, "DARD-1-2": 0.04001822045819155, "DARD-1-inf": 0.003964206198209691, "None-2-1": 7.897366596101026, "None-2-2": 0.5963351546843791, "None-2-inf": 0.05099407093782345, "EPIC-2-1": 9.956282840374723, "EPIC-2-2": 0.5344256441928601, "EPIC-2-inf": 0.03993116371064299, "DARD-2-1": 9.22381721006995, "DARD-2-2": 0.5706523797205546, "DARD-2-inf": 0.05474747586577617, "None-inf-1": 67.5, "None-inf-2": 7.115124735378854, "None-inf-inf": 0.75, "EPIC-inf-1": 83.57142857142857, "EPIC-inf-2": 5.093513281716304, "EPIC-inf-inf": 0.46428571428571425, "DARD-inf-1": 66.79083134144824, "DARD-inf-2": 4.15457416835291, "DARD-inf-inf": 0.40336018348370334, "None-0-1": 270.0, "None-0-2": 28.460498941515414, "None-0-inf": 3.0, "EPIC-0-1": 415.80000000000007, "EPIC-0-2": 24.848802788062052, "EPIC-0-inf": 2.3100000000000005, "DARD-0-1": 415.8, "DARD-0-2": 28.786754684663563, "DARD-0-inf": 2.8957500000000005, "Minimal-2-1": 9.391972984818786, "Minimal-2-2": 0.5344300618533034, "Minimal-2-inf": 0.05658662100051528, "regret1": 0.013688093126646055, "regret2": -0.012420284981364526}}