{"sparse-dense": {"None-1-1": 1.9310344827586206, "None-1-2": 0.16640883743313903, "None-1-inf": 0.022222222222222223, "EPIC-1-1": 1.3007916875064773, "EPIC-1-2": 0.08318299031672693, "EPIC-1-inf": 0.010559588340520256, "DARD-1-1": 1.1459043692014905, "DARD-1-2": 0.07984159618793935, "DARD-1-inf": 0.009363849020696214, "None-2-1": 17.834409612343176, "None-2-2": 1.3700879448536172, "None-2-inf": 0.14907119849998599, "EPIC-2-1": 18.05332966653983, "EPIC-2-2": 1.1447164113932409, "EPIC-2-inf": 0.13204017982074423, "DARD-2-1": 13.08953145399008, "DARD-2-2": 0.9662010209459654, "DARD-2-inf": 0.11198061685204502, "None-inf-1": 146.25, "None-inf-2": 10.968705484240152, "None-inf-inf": 1.0, "EPIC-inf-1": 154.12906137184115, "EPIC-inf-2": 9.796780292731613, "EPIC-inf-inf": 0.9181708784596871, "DARD-inf-1": 118.8776529338327, "DARD-inf-2": 8.87899632228343, "DARD-inf-inf": 1.0701622971285893, "None-0-1": 470.0, "None-0-2": 36.60601043544625, "None-0-inf": 4.0, "EPIC-0-1": 513.5222222222221, "EPIC-0-2": 33.88717882752841, "EPIC-0-inf": 3.5833333333333335, "DARD-0-1": 441.08000000000004, "DARD-0-2": 29.563655389684147, "DARD-0-inf": 3.006, "Minimal-2-1": 21.187987843499982, "Minimal-2-2": 1.2219113444235816, "Minimal-2-inf": 0.10441541155390402, "regret1": 0.0, "regret2": 0.0}, "sparse-path": {"None-1-1": 0.9999999999999998, "None-1-2": 0.08333333333333338, "None-1-inf": 0.011111111111111112, "EPIC-1-1": 0.5000000000000002, "EPIC-1-2": 0.02635231383473648, "EPIC-1-inf": 0.0013888888888888894, "DARD-1-1": 0.5333333333333332, "DARD-1-2": 0.0318688719599549, "DARD-1-inf": 0.003749999999999998, "None-2-1": 6.708203932499369, "None-2-2": 0.4595058410947227, "None-2-inf": 0.03333333333333333, "EPIC-2-1": 6.324555320336765, "EPIC-2-2": 0.3203644860139345, "EPIC-2-inf": 0.017568209223157678, "DARD-2-1": 5.456809755905953, "DARD-2-2": 0.30473577099515414, "DARD-2-inf": 0.022900179552424214, "None-inf-1": 45.0, "None-inf-2": 3.3541019662496847, "None-inf-inf": 0.25, "EPIC-inf-1": 45.0, "EPIC-inf-2": 2.3717082451262845, "EPIC-inf-inf": 0.12500000000000008, "DARD-inf-1": 40.0, "DARD-inf-2": 2.2402566817219847, "DARD-inf-inf": 0.16666666666666669, "None-0-1": 315.0, "None-0-2": 24.186773244895647, "None-0-inf": 3.0, "EPIC-0-1": 316.80000000000007, "EPIC-0-2": 23.842357266008758, "EPIC-0-inf": 3.0800000000000005, "DARD-0-1": 396.0, "DARD-0-2": 27.684620279136936, "DARD-0-inf": 3.7619999999999996, "Minimal-2-1": 4.967565472243646, "Minimal-2-2": 0.3203643152543358, "Minimal-2-inf": 0.024835784018956853, "regret1": 0.0, "regret2": 0.0006705307234852917}, "sparse-cliff": {"None-1-1": 1.4285714285714282, "None-1-2": 0.1232588486242361, "None-1-inf": 0.015873015873015872, "EPIC-1-1": 1.022727272727273, "EPIC-1-2": 0.055204353643141475, "EPIC-1-inf": 0.004040404040404044, "DARD-1-1": 1.0243781094527362, "DARD-1-2": 0.06512375336537922, "DARD-1-inf": 0.007276119402985071, "None-2-1": 12.400303720802448, "None-2-2": 0.9320027629259068, "None-2-inf": 0.08432740427115679, "EPIC-2-1": 13.443115820879868, "EPIC-2-2": 0.7351184269221368, "EPIC-2-inf": 0.05569628782081865, "DARD-2-1": 12.275199333250631, "DARD-2-2": 0.7609455146486306, "DARD-2-inf": 0.07288847610213524, "None-inf-1": 112.5, "None-inf-2": 9.778803607803972, "None-inf-inf": 1.0, "EPIC-inf-1": 106.07142857142856, "EPIC-inf-2": 6.665284720712484, "EPIC-inf-inf": 0.5892857142857143, "DARD-inf-1": 89.88888888888889, "DARD-inf-2": 5.573498801371442, "DARD-inf-inf": 0.5277777777777778, "None-0-1": 585.0, "None-0-2": 43.98863489584554, "None-0-inf": 4.0, "EPIC-0-1": 613.8000000000002, "EPIC-0-2": 40.69851348636705, "EPIC-0-inf": 3.7400000000000015, "DARD-0-1": 728.64, "DARD-0-2": 46.69190979174017, "DARD-0-inf": 6.138, "Minimal-2-1": 12.679753837114957, "Minimal-2-2": 0.735121814170093, "Minimal-2-inf": 0.07889066540321493, "regret1": 0.0, "regret2": 0.0004189337181901463}, "dense-path": {"None-1-1": 1.6724137931034482, "None-1-2": 0.11026647521543594, "None-1-inf": 0.011111111111111112, "EPIC-1-1": 1.4363574714663565, "EPIC-1-2": 0.08784219380992545, "EPIC-1-inf": 0.010559588340520253, "DARD-1-1": 0.9846397325086564, "DARD-1-2": 0.06495356912321125, "DARD-1-inf": 0.008860254275368065, "None-2-1": 20.027321168254293, "None-2-2": 1.3204520490962348, "None-2-inf": 0.13333333333333333, "EPIC-2-1": 19.204688619118393, "EPIC-2-2": 1.168210019357273, "EPIC-2-inf": 0.12482783936881614, "DARD-2-1": 14.022760665568514, "DARD-2-2": 0.9372940787288888, "DARD-2-inf": 0.1307638146089785, "None-inf-1": 166.25, "None-inf-2": 11.025538535599972, "None-inf-inf": 1.0, "EPIC-inf-1": 162.84897713598076, "EPIC-inf-2": 10.147375652054581, "EPIC-inf-inf": 0.9987966305655834, "DARD-inf-1": 124.2930711610487, "DARD-inf-2": 8.61779284811007, "DARD-inf-inf": 1.2034956304619229, "None-0-1": 665.0, "None-0-2": 44.10215414239989, "None-0-inf": 4.0, "EPIC-0-1": 622.1222222222223, "EPIC-0-2": 38.39566237075341, "EPIC-0-inf": 3.688888888888888, "DARD-0-1": 476.15999999999997, "DARD-0-2": 31.625047667948262, "DARD-0-inf": 4.372, "Minimal-2-1": 21.91729756327151, "Minimal-2-2": 1.238148233885496, "Minimal-2-inf": 0.11418677481803627, "regret1": 0.0, "regret2": 0.0006705307234852917}, "dense-cliff": {"None-1-1": 1.573070607553366, "None-1-2": 0.10058281079513776, "None-1-inf": 0.010946907498631636, "EPIC-1-1": 1.3625639582491036, "EPIC-1-2": 0.08377063175196414, "EPIC-1-inf": 0.009272087434218906, "DARD-1-1": 0.9291955100399991, "DARD-1-2": 0.06194448896812928, "DARD-1-inf": 0.009927288464504847, "None-2-1": 19.64195938319841, "None-2-2": 1.2627691423037182, "None-2-inf": 0.1392716298506324, "EPIC-2-1": 20.284171855897082, "EPIC-2-2": 1.2514699832508325, "EPIC-2-inf": 0.1383690501106118, "DARD-2-1": 14.31334141030766, "DARD-2-2": 0.9537627888278214, "DARD-2-inf": 0.15280386063768525, "None-inf-1": 203.75, "None-inf-2": 13.40475661845451, "None-inf-inf": 1.5, "EPIC-inf-1": 196.60048134777375, "EPIC-inf-2": 12.120995228832715, "EPIC-inf-inf": 1.3406395048994324, "DARD-inf-1": 126.71348314606743, "DARD-inf-2": 8.7443384704661, "DARD-inf-inf": 1.3807740324594258, "None-0-1": 815.0, "None-0-2": 53.61902647381804, "None-0-inf": 6.0, "EPIC-0-1": 831.8444444444447, "EPIC-0-2": 50.96127832863781, "EPIC-0-inf": 5.613333333333333, "DARD-0-1": 672.6400000000001, "DARD-0-2": 43.52059696281751, "DARD-0-inf": 6.372000000000001, "Minimal-2-1": 21.962659427339418, "Minimal-2-2": 1.296573353347991, "Minimal-2-inf": 0.16456530658768764, "regret1": 0.0, "regret2": 0.0004189337181901463}, "path-cliff": {"None-1-1": 0.6428571428571428, "None-1-2": 0.0479157423749955, "None-1-inf": 0.004761904761904762, "EPIC-1-1": 0.7727272727272727, "EPIC-1-2": 0.042988669573063965, "EPIC-1-inf": 0.00404040404040404, "DARD-1-1": 0.6526119402985073, "DARD-1-2": 0.04046963905485895, "DARD-1-inf": 0.004029850746268655, "None-2-1": 7.897366596101026, "None-2-2": 0.5963351546843791, "None-2-inf": 0.05099407093782345, "EPIC-2-1": 9.956282840374723, "EPIC-2-2": 0.5344256441928601, "EPIC-2-inf": 0.03993116371064299, "DARD-2-1": 9.216605439607465, "DARD-2-2": 0.5776642196625394, "DARD-2-inf": 0.05565472446106046, "None-inf-1": 67.5, "None-inf-2": 7.115124735378854, "None-inf-inf": 0.75, "EPIC-inf-1": 83.57142857142857, "EPIC-inf-2": 5.093513281716304, "EPIC-inf-inf": 0.46428571428571425, "DARD-inf-1": 66.94444444444444, "DARD-inf-2": 4.193662546695376, "DARD-inf-inf": 0.4027777777777778, "None-0-1": 270.0, "None-0-2": 28.460498941515414, "None-0-inf": 3.0, "EPIC-0-1": 415.80000000000007, "EPIC-0-2": 24.848802788062052, "EPIC-0-inf": 2.3100000000000005, "DARD-0-1": 415.80000000000007, "DARD-0-2": 29.75934071850384, "DARD-0-inf": 2.97, "Minimal-2-1": 9.391972984818786, "Minimal-2-2": 0.5344300618533034, "Minimal-2-inf": 0.05658662100051528, "regret1": 0.0, "regret2": 0.0}}